,dates,NA1,NA2,NA3,NA4,NA5
0,1987-05-22 23:07:44+00:00,89.07892413909407,56.38586832987428,62.337758339789154,34.330617714484724,74.4340689096109
1,1987-09-11 23:10:29+00:00,96.78867579040563,85.14214573779476,88.68863223348244,37.72104527634989,69.12141653382795
2,1987-09-27 23:10:51+00:00,108.79430364567895,100.16242861399986,106.12963454873902,39.04995278354664,63.495779090621916
3,1987-11-14 23:11:47+00:00,,,79.3045377780377,19.117641180409013,48.93189660098385
4,1988-02-18 23:13:23+00:00,98.38017786151416,73.25911096889561,78.31504002372527,9.792369071203598,60.442252982784346
5,1988-05-08 23:14:02+00:00,90.67502103501772,69.12906247647965,50.1144108947063,,49.28896106468336
6,1988-06-09 23:14:15+00:00,91.19614344298068,60.7905418707437,60.35823396334562,28.627366755848506,55.768148841417684
7,1988-06-25 23:14:20+00:00,99.23743745811163,61.4244474643475,69.71747096077958,28.633525875251802,59.911640146212434
8,1988-07-27 23:14:26+00:00,78.42800155489067,66.18056024855358,63.21396753083665,20.72789033283589,57.493320401627685
9,1988-08-12 23:14:25+00:00,77.88538010492401,63.45310589660104,66.71019111836088,18.03270141331194,47.381504270000804
10,1988-08-28 23:14:30+00:00,87.61522658236355,69.50564805152108,65.8726489884112,24.92455914223018,46.03161748912854
11,1988-09-29 23:14:21+00:00,82.79804385473321,66.02796544688992,64.00485378106451,30.61869299136101,45.58625962025229
12,1988-10-15 23:14:16+00:00,87.2740044698157,63.6149516896238,64.74392455820569,30.429869708106082,46.73541662861068
13,1989-01-19 23:13:42+00:00,86.6314446024092,72.78004751502525,65.62924783134409,31.20420004538283,49.09451666939733
14,1989-02-20 23:13:39+00:00,70.78997566314132,44.19122309507814,45.00961008684462,31.535383427480333,49.36795144286933
15,1989-03-08 23:13:15+00:00,84.59143769114493,65.31456178497235,61.12149564356044,39.85435028956158,55.89767443245233
16,1989-04-09 23:12:51+00:00,,,,,
17,1989-06-12 23:11:41+00:00,66.99721490731666,57.7351703011201,68.28274238650049,41.405256059353306,73.46781049264021
18,1989-06-28 23:11:25+00:00,61.50381296433285,48.39297115911714,64.83051698556487,37.3315112310287,61.88717580618919
19,1989-07-30 23:10:47+00:00,70.35808175563413,52.125957808157885,60.143540453173124,50.119951159121854,73.69303872734166
20,1989-08-15 23:10:23+00:00,75.52543772947273,43.49960569383513,57.5619202534426,37.479162351478216,64.14108593465183
21,1989-09-16 23:09:32+00:00,80.02816889605151,63.36212058973086,68.29192296320524,48.27014473687829,71.3542487255627
22,1989-10-02 23:09:23+00:00,80.70480824744203,50.307494207640424,50.279787022674974,41.671028290671124,66.6400332063601
23,1989-10-18 23:08:40+00:00,76.29982189282913,49.68255576953767,67.43588070389205,33.98077746580568,58.97326846750449
24,1989-11-19 23:07:42+00:00,84.76191764052686,55.55408558623103,66.0340788442179,45.919165234611185,75.44697712296765
25,1990-04-12 23:03:54+00:00,98.9511159669323,72.15975142157848,73.64244604940804,48.16483325265097,83.89700997327522
26,1990-07-01 23:03:52+00:00,96.39800656469825,80.11266764488818,93.69926792948861,53.957440131240254,87.91590708412582
27,1990-09-03 23:03:33+00:00,70.90974402148146,45.11735296205058,46.373004115684786,27.480727835145593,63.06126866647695
28,1990-09-19 23:03:30+00:00,88.29861905728842,61.78393013612929,58.727652991871125,32.5477501548842,63.02964706511298
29,1991-01-09 23:03:46+00:00,83.88099374624866,62.01527973993619,59.606631903492655,34.195393466278226,70.68087368602264
30,1991-03-14 23:05:04+00:00,82.28161205161754,63.864001228010096,69.65049477609388,39.065535054151795,69.19479364066424
31,1991-04-15 23:05:39+00:00,93.74395228833576,62.87901680745521,76.57328892744148,42.6103627049191,81.79254787600549
32,1991-05-17 23:06:10+00:00,89.76870049761602,60.651526521721586,86.08162465868055,33.7129885037632,63.77266314064256
33,1991-07-20 23:07:07+00:00,81.19440217571044,71.18679812987655,78.01769387647859,27.107814240952216,60.35042103197049
34,1991-08-05 23:07:13+00:00,100.74439697006844,87.24871755742633,88.36022871548296,30.878263764972942,62.98656932158447
35,1991-08-21 23:07:18+00:00,96.18928552301465,82.28963683463164,82.46774939180351,34.82771419307464,54.03400876320864
36,1991-09-06 23:07:32+00:00,,,97.0999727105709,37.81745456818362,62.32744929407227
37,1991-09-22 23:07:40+00:00,98.5053126839075,87.30983732562538,89.55453474180368,32.903703040239805,55.08086177738634
38,1991-10-08 23:07:46+00:00,108.64215489053316,94.3909624815933,93.85422208136016,42.63889862791896,60.34793007976667
39,1991-10-24 23:07:49+00:00,117.35715489063438,84.79220575780266,93.34960520623804,28.84595084339592,48.38191364286962
40,1991-10-24 23:08:13+00:00,,,,,50.388394814514754
41,1991-11-09 23:07:55+00:00,112.30237938278373,92.0270564972173,97.61933901623827,39.783274439444384,58.7781014447257
42,1992-01-12 23:07:58+00:00,104.12852771931863,78.10178132653274,91.40261430124694,32.117673378507845,53.49037268157455
43,1992-05-03 23:07:30+00:00,104.72830061498617,78.46514996480703,85.89501357785727,41.00313506067777,73.5738092223447
44,1992-06-04 23:07:13+00:00,105.85401100742692,78.55602540200844,86.4794624026542,37.55174987852871,59.4349485901297
45,1992-06-20 23:07:00+00:00,,,,,
46,1992-07-06 23:06:49+00:00,104.21796800966042,71.23025869892896,87.35870813480201,27.22046632898855,59.53295311101845
47,1992-07-22 23:06:36+00:00,108.69611295004134,70.88310754817115,90.19356913622583,33.86503109497711,62.74015545795484
48,1992-09-24 23:05:37+00:00,122.71569091150378,75.14887304057845,88.62843473777059,26.400223358222114,52.557944864512535
49,1992-11-27 23:04:47+00:00,119.00635595542587,64.55658827096357,83.17584169392202,22.891127857847792,56.467018171179426
50,1992-12-13 23:05:00+00:00,110.78515460020957,69.35972356025783,73.95648146920948,4.3404516529234485,44.04643433451817
51,1992-12-29 23:05:08+00:00,115.55772489161699,72.47969849999248,76.17218467327872,17.811613404204117,55.282213955288256
52,1993-01-14 23:05:21+00:00,131.67048031375032,75.04466566588223,86.72238541069606,22.62366684638882,54.588512175815005
53,1993-01-30 23:05:32+00:00,117.43266271769525,71.18170450123111,76.90302400795005,23.877196624255458,58.24191772903894
54,1993-03-19 23:05:52+00:00,104.29907856891221,68.99549643221975,71.71525429231797,24.731835092536052,52.361394122459565
55,1993-04-20 23:06:06+00:00,121.53018717889185,92.86504581934572,90.9090362830958,37.37348249134064,74.2443901316484
56,1993-05-22 23:06:14+00:00,112.6648508430592,80.4707986876207,85.27248869705114,36.087641197308294,61.44294612368928
57,1993-06-07 23:06:16+00:00,114.60211253491373,84.11472440135442,88.78146963463611,33.11915621440008,60.109143163681324
58,1993-06-23 23:06:11+00:00,98.51869902870561,75.77595272473162,77.69857659443869,29.11477475895326,54.75561835644464
59,1993-07-09 23:06:07+00:00,115.06086385813032,76.77729223407898,71.30407565456119,12.109867323513898,34.24708002507651
60,1993-07-25 23:06:05+00:00,136.43617089981024,95.39679232294624,98.51436521232256,38.53427876812775,56.66289202594477
61,1993-08-10 23:06:06+00:00,134.93129745637944,87.92292645619116,69.75008110949025,33.168607792337035,55.701796137228804
62,1993-09-27 23:06:01+00:00,126.80871342079386,97.25742630052899,92.0490577706652,31.749210055645484,60.085173199731805
63,1993-10-13 23:05:55+00:00,113.509551762925,76.5749574820629,81.90798092419533,28.636789063359476,62.43888131076124
64,1993-10-29 23:05:49+00:00,112.03078031639154,75.95429528964333,68.5937344692938,29.362398661693533,55.745839696405696
65,1993-11-30 23:05:36+00:00,119.66410536163816,92.09964726222204,90.11108573949909,34.539939348568424,63.81379348483992
66,1994-04-07 23:03:55+00:00,107.06628261044105,81.89676121527432,64.95073200089595,45.27752816187676,73.28942686750572
67,1994-04-23 23:03:38+00:00,106.02488798789773,79.00341364960764,64.03945819264581,34.1204885055277,71.67599629642092
68,1994-05-09 23:03:20+00:00,105.57560044325297,84.01708166514894,70.48377096550851,34.45401948243751,71.93145955859035
69,1994-06-10 23:02:44+00:00,92.44225570478632,60.51983642915288,58.49318269989991,24.028198686242156,63.616964889923494
70,1994-07-12 23:01:55+00:00,108.69775383663338,74.87206642331816,90.34127911447273,38.218572996020825,80.18210070807592
71,1994-07-28 23:01:28+00:00,114.67457047733808,87.53129844673421,100.4496098932532,44.1212066310817,71.16329740403563
72,1994-08-13 23:01:04+00:00,123.30357024744544,87.72950928807687,103.2542975698253,28.23353491975502,72.24940964845847
73,1994-09-14 23:00:17+00:00,139.45002221632276,100.20408894322301,118.73536392785837,33.904397651899615,70.19366633452813
74,1994-10-16 22:59:19+00:00,139.69654069531776,105.15664011873659,107.47696385336135,23.321848574942997,59.65650242714901
75,1994-11-01 22:58:45+00:00,140.83768773500736,88.16262411210555,93.78089067935119,-0.28329982884772464,41.49089426725488
76,1994-12-03 22:57:43+00:00,131.4973531903238,87.53031010752514,81.26587335638418,17.23950269752118,52.89064808177319
77,1995-02-21 22:54:48+00:00,127.64339832749741,84.54878142178293,80.29411867324612,34.54582203867549,69.58304490542739
78,1995-04-10 22:52:51+00:00,91.38722328352266,63.036075554474486,45.177545663660915,-3.433377221701994,55.10626043880423
79,1995-05-12 22:51:26+00:00,102.15634768498342,75.05322214507613,69.11908707726012,31.93229137721196,67.40289711775335
80,1995-06-29 22:49:14+00:00,99.81047736018995,62.833527880624075,67.94959275250267,36.6978099499288,54.22380792183594
81,1995-07-15 22:48:30+00:00,106.45949915478512,71.90960359592489,67.44341991386763,43.09481885550149,50.840204003433314
82,1995-08-16 22:47:04+00:00,121.56270428251212,84.91268017494882,100.60242142623183,36.92751611139474,46.59302098250163
83,1995-10-19 22:43:49+00:00,110.00196844492214,60.308663259924685,67.26836512223004,7.353087735822619,29.751628412943788
84,1995-11-04 22:43:13+00:00,114.7365830757214,69.13526235098067,70.03420126445445,8.317217207950304,39.00607433981309
85,1995-12-06 22:44:08+00:00,117.31374528080556,75.32995848587308,66.84086674089865,30.127502877867933,40.93849350619381
86,1996-02-08 22:48:43+00:00,118.15685985215596,84.72284328458979,74.75367447726553,28.618443160760243,49.869054856260846
87,1996-05-30 22:55:41+00:00,96.56290859893946,82.0957658096109,66.21571247495571,29.410762452902958,44.373704452761984
88,1996-07-01 22:57:24+00:00,101.79911883076407,87.75217852232089,87.73058516101658,40.877699828555066,43.073398520045586
89,1996-07-17 22:58:14+00:00,94.18768573830701,79.35146502203513,64.63450730591406,35.69191024201071,41.38721636280117
90,1996-08-02 22:59:05+00:00,106.19985431215828,84.27727178878645,75.83537185994483,34.86210471040073,49.034274178138524
91,1996-09-03 23:00:49+00:00,103.85289164401294,67.15643898899599,61.453002679744806,29.765534945751174,45.698098038176234
92,1996-12-08 23:05:38+00:00,97.05295689776209,74.04956288393652,73.40288120749977,34.8692119491056,56.736842210356365
93,1996-12-24 23:06:24+00:00,95.15896948223084,64.75389789565611,69.01171841789676,21.594903366537224,38.51478023921138
94,1997-03-14 23:09:53+00:00,102.27019115474945,78.68705066266648,65.48730231614141,47.61983970957279,61.61822915543165
95,1997-07-20 23:14:23+00:00,97.75667034794952,69.1638519080991,68.66097426231886,31.115399902078472,54.143508091398445
96,1997-08-05 23:14:54+00:00,94.2045577203593,66.93967021530544,74.24873930058973,28.798998032288136,52.66655477544553
97,1997-08-21 23:15:25+00:00,109.02314465986284,78.65966963752169,93.97715395684283,38.25073848533439,65.79393306485883
98,1997-10-08 23:16:47+00:00,117.42537564763572,88.09240505657462,93.96011077489706,11.431802741835691,35.866686794257646
99,1997-10-24 23:17:13+00:00,123.06539726830657,85.52204699357806,85.50684858913716,22.040677301959384,54.464325995436035
100,1997-11-25 23:17:59+00:00,124.9455106687807,85.97710896796191,86.6976613974145,21.442114527761678,56.46639351619693
101,1998-01-12 23:19:09+00:00,116.38687984310879,85.43783068848381,74.8240007131954,33.0713383687131,58.99055095016473
102,1998-01-28 23:19:29+00:00,106.29165017601628,,78.70050281927824,33.70278985094756,58.598266696282536
103,1998-02-13 23:19:49+00:00,114.05638279299095,86.87624974092094,86.61697782043126,32.64081944747662,59.00828464328098
104,1998-03-01 23:20:05+00:00,105.67756780124448,94.05080645324952,92.24494222296798,45.33035906583478,56.5078600616432
105,1998-04-02 23:20:33+00:00,99.01585574855629,80.34940832297438,79.74134007895005,28.300425191594616,60.68054027198743
106,1998-04-18 23:20:45+00:00,112.80116563051837,83.19291313606627,89.5973174582472,33.071387961052544,69.2875032037507
107,1998-05-20 23:21:13+00:00,109.28836623667519,76.55783874128193,80.41924753897857,24.547716910243548,60.19484532877579
108,1998-05-20 23:21:37+00:00,,,,24.077318413713883,59.9923030726761
109,1998-07-07 23:21:53+00:00,106.0056435478688,95.33760461732996,83.41802183344795,28.83510566282789,61.37791310376097
110,1998-10-11 23:22:32+00:00,114.64246227581955,82.61964653119557,80.77092346946273,24.235840001944243,55.86987592265883
111,1998-10-27 23:22:35+00:00,108.00931062376767,79.54150653767533,86.25616781142122,29.582112310785078,48.793470393073065
112,1999-01-15 23:22:41+00:00,,,,,
113,1999-02-16 23:22:58+00:00,109.99948649639519,80.98279439179183,62.9989217122652,28.931502214245757,58.40280627010647
114,1999-03-04 23:22:53+00:00,105.39662817666837,74.40200661069753,66.91237063936202,30.028944666167664,
115,1999-06-24 23:21:34+00:00,97.3308177690551,69.56826452889868,66.35555142440343,25.49473982519468,56.71623102371359
116,1999-07-10 23:21:28+00:00,100.4698411619883,70.69129137997055,73.03071106228109,24.66223548624145,55.07089615333816
117,1999-07-18 23:36:30+00:00,95.22951921872472,63.878171268986954,49.39196499853619,28.02391201896941,57.34523863980499
118,1999-07-26 23:21:26+00:00,,,40.07437721113483,5.038271991192325,52.46837296157277
119,1999-08-03 23:36:37+00:00,105.56571579657873,68.67719441249626,56.10753028771531,19.166758820683835,59.21327332121722
120,1999-08-11 23:21:21+00:00,108.04345257168634,74.00355164290494,64.3142012349732,14.95411733910835,60.73763310590957
121,1999-08-19 23:36:34+00:00,103.1940645231432,68.48014657846946,62.737850410653145,6.911685705315133,54.737013562522485
122,1999-09-28 23:20:12+00:00,,,55.72289708285899,12.037129451642803,37.43600084588635
123,2000-03-30 23:36:14+00:00,84.41323962893796,64.35809898112831,69.17250451612841,30.69777403485106,61.28938454334857
124,2000-06-02 23:35:36+00:00,71.32865919396012,67.2595684663289,65.29291541699,31.86282566669234,54.63986488163296
125,2000-07-04 23:35:19+00:00,76.63754875209406,66.91343482638811,70.24417350563863,17.988628499251234,49.72237018790984
126,2000-07-20 23:35:04+00:00,86.39539567153844,71.9989220889673,72.89990652045451,22.715814472474992,60.9617826770166
127,2000-11-09 23:34:02+00:00,107.84952113777065,76.361399029266,81.06501866016139,29.9932627550428,59.27045387340678
128,2000-11-25 23:34:04+00:00,106.51843403698804,80.7824433938797,79.25454113065453,34.816617495754336,62.631564764707534
129,2000-12-11 23:34:06+00:00,110.594635660866,75.21098460193471,86.21441019132024,34.726382049557586,56.981159012487154
130,2001-03-17 23:33:57+00:00,88.63906783119886,63.05800680961656,66.0446453813619,39.8510847129957,61.638283605178714
131,2001-05-20 23:33:33+00:00,75.22291303480375,63.27980766815727,69.84434166666884,47.97021847357429,70.67343651690635
132,2001-06-05 23:33:21+00:00,89.19098285798583,67.12341130038398,75.06639068063568,55.9798607178422,70.22694485206495
133,2001-06-21 23:33:10+00:00,79.06660877916819,57.38807976922554,70.08885681274207,52.899745506766905,
134,2001-07-23 23:32:59+00:00,76.25071741572613,69.11378638443223,62.21899776945013,,67.64342857351893
135,2001-08-08 23:32:42+00:00,73.64513573718575,47.724648377987194,43.65806529437615,34.644202441139896,48.78118806214551
136,2001-08-24 23:32:29+00:00,72.91841838593564,51.5043164284043,47.30452396889327,35.998563682614055,44.82585381585731
137,2001-09-09 23:32:17+00:00,75.86813232265872,58.825523614055676,52.99561242115531,50.56779871545093,51.91823640551198
138,2001-10-11 23:31:51+00:00,100.70164942518477,64.58255079716996,66.39365128704169,46.13162889934267,62.39522539913408
139,2001-10-27 23:32:01+00:00,94.33430362272095,62.35353182660507,68.54901251861055,53.11662761852738,61.284024796382944
140,2001-11-12 23:32:11+00:00,95.9019861936339,64.72212132363425,77.1498536963447,53.11155678738881,68.16028265483796
141,2001-11-28 23:32:16+00:00,95.36780033247165,49.86895763616803,72.00917437873146,42.3684454050853,57.72417811304828
142,2001-12-30 23:32:18+00:00,,,,,
143,2002-02-16 23:32:35+00:00,90.1490092258116,64.86847341954812,62.45370788265282,38.27952464413447,63.16764086443714
144,2002-04-05 23:32:30+00:00,88.56310748663206,61.41343632427961,80.83479194457774,49.91301376759973,72.23622958194089
145,2002-05-07 23:32:32+00:00,108.58020180738296,85.14683175076638,97.06253143717576,56.36189163435168,76.13148548113494
146,2002-06-08 23:32:16+00:00,99.00211567936672,63.66117520093745,96.70192560207607,41.903168904634754,68.63419360410032
147,2002-06-24 23:32:09+00:00,96.19847697504085,65.88203580621389,82.86930390665569,33.46968496377275,65.2759506098565
148,2002-07-10 23:32:06+00:00,81.69965274756866,57.00479060738902,72.49006727094316,20.339376034146596,55.701770809896324
149,2002-08-27 23:31:41+00:00,100.6515016681769,52.42999133239062,87.35114222783736,20.39919738407061,39.77974322628496
150,2002-09-12 23:31:36+00:00,113.52280230035554,62.504832873385645,83.60529686481789,30.747207234062536,50.58364642533065
151,2002-10-14 23:31:25+00:00,111.6560911052051,75.81197487591199,,,51.58089061253305
152,2002-10-30 23:31:30+00:00,104.59814729120119,66.62299508205446,91.28857506850142,22.037772595252015,48.79507573296953
153,2002-12-01 23:31:58+00:00,102.42359397999525,64.81806763572392,84.90074009135223,24.66486107976384,52.58371743669888
154,2003-01-18 23:32:11+00:00,,,69.96313448797352,5.077868762151823,47.09158637345014
155,2003-03-07 23:32:27+00:00,98.3266005603127,73.35196503232957,72.68597537050421,,61.27862620120559
156,2003-04-08 23:32:28+00:00,102.849510569887,68.4635598250635,,28.807998048189468,64.91897427039157
157,2003-05-10 23:32:27+00:00,94.26934540382291,60.31247904034778,82.1533924061485,24.01648936684613,57.87729001364995
158,2003-07-05 23:19:58+00:00,77.99380744021579,67.8545286368419,63.63879084474918,30.61973131404386,59.48177572718934
159,2003-07-29 23:32:10+00:00,90.35406165318501,70.90120348192856,69.40612825698216,32.06360840333594,70.86652292890878
160,2003-08-14 23:32:07+00:00,85.7541690282797,65.64534981998975,58.997240459980986,28.042406640150304,56.00923231434546
161,2003-08-30 23:32:04+00:00,101.31854938586571,,75.32931958795338,37.073770908165926,63.18402919779111
162,2003-10-01 23:31:53+00:00,95.60679943180916,,82.46101755718456,23.09208024740336,
163,2003-10-09 23:21:32+00:00,96.71979304927592,87.81820857790208,91.49732406260173,35.79847783868776,68.69999284213436
164,2003-11-10 23:21:53+00:00,98.48894837977558,70.62378172359446,75.28147302079591,27.616546348936296,57.39285261900706
165,2003-11-26 23:22:12+00:00,81.27184533127974,75.59295683485306,61.62930362512674,6.875303799583609,50.25424421614839
166,2003-12-12 23:22:15+00:00,113.66644535659114,77.14514796483041,72.00258450103175,28.225642671564202,70.04863082163452
167,2004-01-29 23:22:34+00:00,97.57292509220382,85.5470307502562,89.47804493532675,35.73216707226358,59.67921987021522
168,2004-03-25 23:32:59+00:00,102.93820258266219,,71.04297618246967,27.93919614531218,55.995991284856785
169,2004-05-04 23:23:57+00:00,95.01537359773553,77.46478618313193,82.46323180757258,37.996544081291155,66.3098204674633
170,2004-05-12 23:32:54+00:00,85.02906603005144,70.71892928220903,66.84245408518746,28.84931076022497,54.209623990890165
171,2004-05-20 23:24:25+00:00,99.37884883441347,80.77668936747898,71.19097512706735,52.07949858202292,72.36422991036035
172,2004-05-28 23:32:52+00:00,96.48614054627701,80.33063429140883,,37.1542844010309,62.50312764085694
173,2004-06-05 23:24:54+00:00,92.72158683786242,85.60198734052938,87.06845817883661,37.73248423765337,59.58088597258295
174,2004-06-13 23:32:44+00:00,,94.43133984075486,95.53031634204099,52.641547517736235,67.53375192597618
175,2004-06-21 23:25:21+00:00,99.39199282176982,83.69656341767326,79.18257232941396,44.86135833735914,65.16897598730418
176,2004-06-29 23:32:44+00:00,105.6833336130451,96.12316079571254,93.80771662632003,40.52383405612959,63.649857278928565
177,2004-07-07 23:25:50+00:00,106.52159584648689,96.59205766920977,88.0588915045087,36.3141766308873,62.69154176865254
178,2004-07-15 23:32:41+00:00,102.31263516765775,83.17155462580558,71.80333111630448,,65.6755654746474
179,2004-08-08 23:26:32+00:00,101.59515315645595,82.8142365607651,68.21727972811473,35.339798559509575,65.98633879241461
180,2004-08-24 23:26:59+00:00,,85.48610251620758,75.91672386109038,27.56024102867571,58.30239663890996
181,2004-09-01 23:32:27+00:00,86.3759894067407,,69.2620303104764,21.531087487127014,43.35720938292336
182,2004-09-09 23:27:25+00:00,109.16821945794747,87.73964485564835,84.90803199066058,33.76892516934902,54.57979693383067
183,2004-09-17 23:32:20+00:00,102.17994591164927,74.34585721945973,69.7693604460161,30.233075640585703,49.89766109865989
184,2004-09-25 23:27:48+00:00,119.35709299532218,88.31416723774267,93.57219124144989,43.66131816075342,55.9741720956836
185,2004-10-11 23:28:08+00:00,116.24178386783063,70.82696658526194,77.16277506018716,24.908839128478313,53.93829138993787
186,2004-10-27 23:28:28+00:00,82.202865192725,67.64295599476328,61.146751566801264,5.852513168697663,53.615975319437695
187,2004-11-12 23:28:44+00:00,98.45403172112961,58.696010377952916,64.64352763874595,24.965316673152476,51.768711067543975
188,2004-11-28 23:29:04+00:00,96.0675873912073,66.59230130537836,71.31548088343189,12.327304215485622,54.88852276207476
189,2005-01-15 23:29:50+00:00,85.1642577185306,70.39731543852736,62.5883043059636,2.276878039014988,31.247380664593056
190,2005-01-23 23:33:06+00:00,103.55581531628657,72.36054389569145,71.41582554139578,,77.93020493916578
191,2005-01-31 23:30:02+00:00,92.89678681103699,72.10038498741561,66.75021139745361,24.591856830076765,55.735107622389684
192,2005-02-24 23:33:22+00:00,,72.03071044272748,63.40242593555599,28.003239121107928,
193,2005-03-12 23:33:25+00:00,105.32605833438349,79.77106199845745,77.4358389530952,37.31636528808365,60.68529232370029
194,2005-04-13 23:33:17+00:00,92.95584490850538,,70.96387419645674,28.818173458942866,
195,2005-04-21 23:30:52+00:00,95.84482052486484,67.80382924844706,73.56551169961885,31.530764814709855,58.000813487961935
196,2005-05-07 23:30:58+00:00,96.84644878533996,58.8202591195748,69.08905385669567,,
197,2005-05-31 23:33:16+00:00,81.01623352744964,53.03391803417475,63.52371594915947,21.326505378723294,54.0980913771437
198,2005-06-08 23:31:14+00:00,93.25168955114634,56.63924921113754,76.01133339112445,28.333959536955543,64.26365471220072
199,2005-07-02 23:33:07+00:00,97.16234247826897,,67.94074876322448,12.000980619862027,60.30326932730491
200,2005-07-18 23:33:08+00:00,78.98230718922935,45.12895109364827,,17.72463495346365,54.393048520665424
201,2005-07-26 23:31:35+00:00,95.44772939478105,41.6716918266245,60.16536352470228,30.465324440484917,57.94091552654969
202,2005-08-11 23:31:43+00:00,99.04221945111559,62.078961498391166,72.31214824216755,25.633362014618818,66.37806931656729
203,2005-08-27 23:31:49+00:00,89.95173621991623,53.772335474650376,74.34696443859677,25.85012231568334,53.81501385030959
204,2005-09-04 23:32:52+00:00,,42.91092344899017,59.98429927219672,2.1222902187376884,39.70692088360916
205,2005-09-12 23:31:51+00:00,89.55021166789022,57.41756348806593,73.1844945205622,22.208336818391537,55.669837856223175
206,2005-09-20 23:32:47+00:00,91.8479038003824,,73.3798559564155,24.911764924116987,47.14017917986915
207,2005-09-28 23:31:49+00:00,89.05488153004825,58.86087208548597,72.18077318789467,13.337950327297392,36.51510730199644
208,2005-10-22 23:32:57+00:00,,65.75873829529205,74.79456855455699,11.6677161194937,57.73086045330044
209,2005-12-09 23:33:19+00:00,96.16575045998772,61.735799687535405,70.8665578233709,29.708447233623342,
210,2005-12-25 23:33:24+00:00,96.82982135514736,63.21757362442474,77.97241132798389,33.591899363726185,
211,2006-01-10 23:33:33+00:00,87.08935216983232,,,27.632691108658474,57.77315054495853
212,2006-01-26 23:33:41+00:00,90.48578885238548,,67.9341756291653,26.596039156460396,55.44783625673185
213,2006-03-31 23:33:47+00:00,,,71.55791851010179,45.857983797749284,75.6169052249431
214,2006-04-08 23:35:17+00:00,53.530375031889015,47.675408721499736,38.25182125688701,23.98044051034999,56.65838854984881
215,2006-04-16 23:33:43+00:00,,53.47345927275892,53.049406824962404,37.65476676086484,64.07272351381437
216,2006-05-02 23:33:46+00:00,74.45194366857964,64.02075315561576,,32.42175528178968,76.46215048866146
217,2006-05-18 23:33:47+00:00,86.56422218153355,,73.18040455772966,40.890435765824726,75.17728563501404
218,2006-06-03 23:33:45+00:00,66.96669463832563,51.870948405577344,60.42548708360652,26.702498190143366,55.5450486195678
219,2006-06-11 23:36:15+00:00,66.44164740962174,50.66223623071086,55.539301840172634,30.454120419505035,51.971305440433994
220,2006-06-27 23:36:29+00:00,94.83119923760948,64.96381937909747,76.04816255319717,42.568014255289874,70.76640956595493
221,2006-07-05 23:33:35+00:00,95.3059249735773,68.76217141058935,83.64460418277405,44.30689645329765,
222,2006-07-29 23:36:56+00:00,99.84387924472621,73.04183987014115,82.52692320506225,27.996627686345256,54.177676802598235
223,2006-08-22 23:33:22+00:00,104.97797498577548,74.26781729815089,89.44648862549387,24.940801971944424,
224,2006-09-15 23:37:32+00:00,105.31235484381237,69.8306768304802,90.566397005606,36.73383826133481,73.39315368442972
225,2006-09-23 23:33:11+00:00,90.32759817966492,68.42614724932635,74.45492798791688,14.104612777643425,47.642980007555906
226,2006-10-01 23:37:43+00:00,102.84188635462121,64.7336892449631,68.43428465191282,25.20104516913261,64.44583458859093
227,2006-11-10 23:33:35+00:00,108.68048148152502,76.67734447875935,87.27307906497751,28.7423253439214,59.2975350798875
228,2006-11-18 23:38:10+00:00,99.02299643121262,77.29103358730029,84.8796885693865,22.391162322551995,60.26312405926668
229,2006-12-04 23:38:18+00:00,116.41696622065,89.02173251854263,96.38947278402334,42.3353691438018,65.49927746653425
230,2006-12-20 23:38:26+00:00,103.36277779956595,60.60019598450198,75.87660411890216,17.637259211751253,65.11743063859461
231,2007-01-05 23:38:33+00:00,106.21791146282156,78.34922974803717,80.6834297284841,26.527028104969485,55.83265273669356
232,2007-01-13 23:33:55+00:00,103.25046503437326,90.32572255027517,,31.127106513132272,65.42284738278495
233,2007-01-21 23:38:38+00:00,104.99956121957823,87.1202891636668,84.91994573601367,38.216311779403114,61.0454029185822
234,2007-01-29 23:34:02+00:00,93.33579140024392,68.6533804539453,71.71769112288256,28.074511984559724,
235,2007-02-06 23:38:41+00:00,93.71105133327838,75.63919127224986,83.81713049126994,38.39284001482543,58.63313128894741
236,2007-02-14 23:34:08+00:00,94.37116688208619,71.1668147248106,69.8365627598913,29.70093336625473,60.090863939310466
237,2007-03-02 23:34:12+00:00,,73.66708849613114,74.46013342194775,34.80429377510403,65.16101945028326
238,2007-03-10 23:38:39+00:00,112.68398146452827,84.66841918871415,76.14264967707243,39.2411924248243,72.22003530773065
239,2007-05-13 23:38:15+00:00,117.24710300660168,86.89904063487884,95.24614476376023,35.68754351820342,67.58749074987699
240,2007-05-21 23:34:02+00:00,121.64451431192849,96.52245728457531,109.23231756385313,,77.7550678185309
241,2007-06-22 23:33:58+00:00,,62.52848509512964,63.54764256217588,12.360693696176435,
242,2007-07-16 23:37:21+00:00,86.09934637039683,59.57082552316255,63.791213379934334,20.18029093235335,66.14139801290554
243,2007-07-24 23:33:52+00:00,95.5633124309547,59.60967005002825,66.47205497378138,23.594040880757788,63.93495729830513
244,2007-08-09 23:33:47+00:00,101.40364749269867,67.3167937802975,70.49308661291437,25.63752331229573,
245,2007-08-17 23:37:04+00:00,89.23448004289857,63.230226676033844,71.72488945804248,8.420472125318124,55.83663021397772
246,2007-08-25 23:33:40+00:00,101.05539066627328,61.5008801782154,71.67715096404822,13.247580048680197,50.626657073406065
247,2007-09-10 23:33:32+00:00,,60.87360810980366,69.35122800817769,9.076976905460782,42.408752988457834
248,2007-09-18 23:36:47+00:00,103.33556046845996,64.752770007274,72.22990778742577,32.022870909887935,62.81382647151566
249,2007-09-26 23:33:28+00:00,,66.33478325859276,71.07787675250991,20.21750507096087,
250,2007-10-04 23:36:37+00:00,94.43449240252859,76.04969299040242,77.83257197798275,33.32258205415627,60.32543583808096
251,2007-10-12 23:33:28+00:00,99.07033555705607,68.44558621994013,70.9800080619924,27.09098945846455,69.44045802596216
252,2007-10-28 23:33:40+00:00,102.0172189014404,55.12555095016728,72.45197380541384,10.37543360105937,46.32653586800579
253,2007-11-13 23:33:49+00:00,102.34225250360502,79.62700265452163,87.57971274431938,,52.71367463854809
254,2008-03-04 23:33:53+00:00,84.33506534784864,,,33.390993873520195,66.90492807793909
255,2008-03-12 23:33:47+00:00,92.0767386922256,72.76041695654106,65.66231639627694,32.59374532962567,70.85152608863527
256,2008-05-07 23:33:45+00:00,87.65868501892191,73.95953877531902,72.59325485079793,46.152336729176575,77.64901694307665
257,2008-05-23 23:33:39+00:00,95.12627832221395,70.9524490763195,75.41833398419205,42.401615850261884,73.70232986387803
258,2008-06-24 23:33:21+00:00,76.44967005133284,58.45770424701815,66.26872818429996,34.848320488597075,69.71391406214306
259,2008-07-10 23:33:10+00:00,96.7411232641766,,95.28034575791095,49.68489159101985,72.93265745974541
260,2008-07-26 23:32:59+00:00,95.49858489660357,69.25846650798267,82.30340363852768,38.288420018655096,
261,2008-08-11 23:32:54+00:00,102.15338753799517,70.3480197723308,91.28821255795889,53.29939489281405,70.40237952165552
262,2008-09-20 23:28:35+00:00,91.73686601410569,66.19280986512155,64.58953192950561,,
263,2008-09-28 23:32:29+00:00,83.456844822983,71.9090888557762,74.28016325671085,33.43367229385929,64.05152952969951
264,2008-10-06 23:28:04+00:00,86.64015894969067,75.49145133760408,77.99964054069433,32.82547082373767,61.18384141849166
265,2008-12-01 23:33:04+00:00,,65.66359914515554,58.88915267716288,38.52151237166246,
266,2008-12-17 23:33:14+00:00,94.774217028648,82.18179296740465,72.70619819061338,33.199716510222224,72.19187705947206
267,2009-01-10 23:28:39+00:00,,,74.6086720783247,33.77330807296386,56.79729668071147
268,2009-01-18 23:33:26+00:00,92.85677913023129,84.3387698077362,71.93163028297836,,64.89258248924826
269,2009-03-15 23:30:16+00:00,97.9773106209668,68.48972031303968,77.39350415432642,39.402604294396134,82.73829318179152
270,2009-03-23 23:33:56+00:00,100.31589711366848,74.11911950164952,69.82349897617155,35.36180938556194,67.36557705130062
271,2009-04-08 23:34:01+00:00,,54.5243974777936,43.38110156608501,18.65131551552456,62.03120647414711
272,2009-04-16 23:30:56+00:00,77.17167391269341,59.98913813847801,54.22577154676365,28.120701420174914,77.86910004593258
273,2009-04-24 23:34:06+00:00,,55.681296551343365,37.602680793882726,14.303634026722047,57.8792935001338
274,2009-06-11 23:34:09+00:00,57.70238038316286,37.23807155815795,37.45834444487665,11.711799674627487,
275,2009-07-05 23:32:24+00:00,59.198618563032035,53.56067675311488,60.31595486693293,32.18309383312259,56.582907225189054
276,2009-07-13 23:34:02+00:00,,57.832594213424024,54.43206162725118,29.53845388869272,
277,2009-07-21 23:32:40+00:00,64.39329164025044,63.48686067591867,66.24700225249723,27.50359176425288,64.44620574088609
278,2009-07-29 23:33:57+00:00,68.20671343153728,56.19509964558245,59.67651929298296,31.270102357287637,63.32429615480751
279,2009-08-06 23:32:54+00:00,74.64423004048939,57.422191555272704,54.728489427292715,29.90535903622248,63.49213192124731
280,2009-08-14 23:33:53+00:00,73.29129933833747,67.22055564390797,67.9204809573121,30.689272591348185,62.93389108402184
281,2009-08-22 23:33:09+00:00,79.10840716697032,72.2099546119885,73.11898410897194,36.81714228117475,73.72020027525471
282,2009-08-30 23:33:53+00:00,78.07987309281815,61.95132056533755,71.0390903206879,28.61263023009076,61.490942222993446
283,2009-09-07 23:33:22+00:00,88.35823616298681,64.08129511415446,54.16642851760029,22.355545897297993,55.46290009402905
284,2009-09-23 23:33:34+00:00,85.92613551173068,62.57194150783923,64.11986147800671,44.276428531755144,71.11208533798508
285,2009-11-02 23:34:09+00:00,76.55142466555213,66.77150063028884,55.32367708989972,36.95470199272257,
286,2009-11-10 23:34:03+00:00,77.3784675117198,73.72315365177892,76.89006051184253,52.116382001961625,55.776616969013055
287,2009-11-18 23:34:22+00:00,62.48112152367683,52.70954718007977,49.96620499983804,32.85914748890932,55.73820592892375
288,2009-11-26 23:34:09+00:00,61.86481537378752,,49.69802035836658,30.550931513058575,47.542080466943325
289,2009-12-12 23:34:19+00:00,76.77388078939452,68.71822556555021,70.28422925579802,46.273705251909895,59.156578141043525
290,2009-12-20 23:34:49+00:00,78.08338114459144,64.9238899204697,69.4564176748789,39.489601306376116,63.70249692834759
291,2010-01-05 23:35:05+00:00,78.27000732736798,,,42.59092497100572,71.70626006350572
292,2010-01-21 23:35:19+00:00,,65.18299447248623,68.79493790767292,40.141165378755716,
293,2010-03-18 23:34:40+00:00,74.59733946704186,71.69450791914174,72.48460845091729,51.060513787686034,57.90969035793694
294,2010-04-11 23:35:56+00:00,,70.87219120698909,72.98061828136095,62.443561765679306,
295,2010-04-19 23:34:35+00:00,98.92567145889328,69.53266198063841,73.6721493332979,59.33928348992668,
296,2010-04-27 23:35:54+00:00,80.57407696316474,63.68430848171459,72.41964768789327,,71.6875054011387
297,2010-05-05 23:34:31+00:00,97.53044603936789,69.41315747366018,76.87063104886263,55.17249978684694,84.07050217606199
298,2010-05-13 23:35:50+00:00,71.00867265843878,53.2492311752215,59.06688032419642,,65.44513213311751
299,2010-06-14 23:35:51+00:00,76.45535843587292,54.82991801342084,72.73137418761156,41.316615507273646,
300,2010-06-30 23:35:54+00:00,93.73383534747741,74.36948520591899,,,73.21330295424129
301,2010-07-16 23:35:56+00:00,92.12644731241919,74.46536708123594,79.5388009361132,49.076381252218546,68.20073214794739
302,2010-08-17 23:35:57+00:00,82.5797926994374,67.14420494885726,63.492909290526505,36.791013579966965,
303,2010-09-10 23:33:56+00:00,93.40785315294065,63.6042641027256,79.76753743074073,53.54005286076948,77.65952281328879
304,2010-10-04 23:35:58+00:00,96.09798616921445,78.49296524559854,70.59349168473842,,53.598547763387394
305,2010-10-20 23:36:09+00:00,96.59419693863877,79.16957053309163,75.89246467864429,42.3064585381139,69.76521677670934
306,2010-11-13 23:33:30+00:00,101.28970538193093,71.7185819233813,71.05838331238752,42.12980526913225,65.65940926409348
307,2010-11-21 23:36:31+00:00,99.9638653635862,73.08493519748947,71.90094284025284,,70.27228277959671
308,2010-12-31 23:33:37+00:00,108.1713563321107,73.45187876745332,74.20862459512703,53.311970979436964,78.98033284206998
309,2011-01-16 23:33:39+00:00,92.07873333769217,65.07373650335012,38.860467077762706,46.89760278687066,66.8660938872656
310,2011-02-01 23:33:40+00:00,94.27791633381436,70.4891578003849,63.783644774475825,54.34831312907934,72.96262490158557
311,2011-02-25 23:37:13+00:00,91.46988935194396,63.258198322071635,67.48657602466683,56.01209462878451,84.89421866717133
312,2011-03-29 23:37:19+00:00,73.33164413055883,69.56412629574788,66.53142310422234,,80.49617934123948
313,2011-04-06 23:33:31+00:00,85.1484327740462,61.163309597216774,71.28091647369365,62.67327911331271,91.93080755083696
314,2011-04-14 23:37:19+00:00,95.5768207194452,66.6336328240046,77.3634603770863,,81.8485312113282
315,2011-04-30 23:37:20+00:00,88.04646014991928,,63.3208204209954,35.04124330957292,69.8109949463468
316,2011-05-16 23:37:16+00:00,81.75755640541857,67.6513634541821,63.85591123337146,59.003112752162274,81.8791679566812
317,2011-06-17 23:37:17+00:00,67.19034166058765,,,56.323052211811714,69.57295444022836
318,2011-07-03 23:37:14+00:00,86.10171381072655,64.58242470867586,59.634554878145764,60.94644790029783,
319,2011-08-04 23:37:09+00:00,76.54973138415055,,64.6402979002018,41.57778845830475,68.16837866185901
320,2011-08-20 23:37:07+00:00,73.68910510998894,44.00691131791347,65.89975452005942,29.979755477003668,65.10223052521931
321,2011-08-28 23:32:26+00:00,82.99992645944148,37.34362540994295,57.700282879010786,39.32340946258636,70.74012843204346
322,2011-09-05 23:37:03+00:00,85.23738834703747,52.487624397715244,66.68100405923894,33.84727472177206,
323,2011-09-13 23:32:14+00:00,84.11733997352434,61.23195616294946,75.126976989264,39.2979814937163,74.2486967384489
324,2011-09-21 23:36:59+00:00,,57.55015248189225,71.05429967813151,48.454921419798474,71.75746923957142
325,2011-10-15 23:31:44+00:00,98.68182920099653,42.88378237352432,74.51155667236958,39.447100147143246,77.25684168039015
326,2011-10-23 23:37:04+00:00,,56.52172269198935,69.48470427489123,37.617503599332764,
327,2011-12-10 23:37:29+00:00,83.82281414221211,47.6494682232846,68.88835386866927,41.07519390017255,58.820973730839405
328,2012-01-11 23:37:44+00:00,79.05404360755735,48.331237578779735,,50.53159215137626,76.0364898279618
329,2012-03-15 23:37:50+00:00,93.9446002548181,58.385658626024664,64.31521402017103,53.50042919053917,81.00827453603543
330,2012-03-31 23:37:49+00:00,90.95958620139744,60.96925574202952,78.15486677655223,,79.82927249003629
331,2012-05-18 23:38:25+00:00,84.58035990152817,56.24138401391459,66.03755937214783,60.1976963955447,86.55890454389154
332,2012-06-03 23:38:04+00:00,76.89107574806457,55.15034280629641,67.70983254894992,58.645976348222824,72.48786764841948
333,2012-06-19 23:38:10+00:00,,46.06282598294372,63.51462594593548,37.39761225720055,
334,2012-08-06 23:38:45+00:00,75.16294413933636,44.853166303275486,73.09923681730152,42.826128379687795,81.50197059866261
335,2012-08-22 23:38:55+00:00,76.39773910119082,32.82997229863895,58.46608221816226,41.4166464141489,
336,2012-09-23 23:39:14+00:00,82.72173490844416,45.40828364837898,72.25323678997627,54.36501508639522,79.88023776242972
337,2012-10-09 23:39:21+00:00,83.6475794579323,47.70094985286186,,,70.80859694739517
338,2012-11-10 23:39:36+00:00,85.29275586989502,57.128462889785055,67.14850846314587,36.723036010931146,66.8696940687916
339,2012-12-12 23:39:46+00:00,93.26387006378135,62.304605975875816,72.48305126454915,42.59178463169139,71.04902642256697
340,2013-03-18 23:39:49+00:00,,55.55527095634244,61.0672714143579,44.726753321093916,80.1617239069263
341,2013-03-27 23:48:16+00:00,72.20971424548425,40.04345011573821,48.56116905951125,34.981994300109434,74.6105767566649
342,2013-04-11 23:45:47+00:00,81.10482810208448,55.40120046478647,55.0799271780118,48.642874630224,90.65297084391524
343,2013-04-27 23:45:28+00:00,79.568630741667,56.45762473343548,56.90183596124431,38.86196884309812,82.57710035700217
344,2013-06-14 23:45:41+00:00,62.00671617297801,43.70213059939711,51.001206016972645,38.72976088565421,72.28225525268398
345,2013-06-30 23:45:41+00:00,66.76045266306473,47.889432413535786,64.6659838021857,48.96173687330262,74.05378748354723
346,2013-06-30 23:46:05+00:00,67.9949067432831,47.94150304744666,64.48010709415249,46.691692864233524,73.08357465369777
347,2013-07-16 23:45:41+00:00,,,71.96874250904227,,80.79703737138253
348,2013-07-16 23:46:05+00:00,,60.221173181522445,72.06917306708114,,79.6456616913806
349,2013-07-24 23:39:01+00:00,65.09424235814632,49.635885166820096,55.72473092190391,42.91466751625793,68.96877473100068
350,2013-08-09 23:38:55+00:00,84.54716864892369,61.51245706893702,71.17715935381783,,76.76110745462464
351,2013-08-17 23:45:44+00:00,91.94229066469903,64.05712663575684,74.83922522760878,58.30729128443055,83.54106515470261
352,2013-08-17 23:46:08+00:00,94.50720055876562,64.97342597629978,75.11093623311554,58.38534252692081,83.5804154385256
353,2013-08-25 23:39:07+00:00,91.0156098308333,68.99934873336453,78.8116352844508,59.6758865123396,
354,2013-09-02 23:45:45+00:00,95.0400968113417,69.07576724031978,77.67022369654818,61.03678726510368,82.55552819009671
355,2013-09-02 23:46:09+00:00,96.95101417820996,69.5076532029682,77.93751832027428,61.087417543112586,82.03129884047203
356,2013-09-18 23:45:39+00:00,74.8011067788624,52.110120295207025,69.90252334640607,43.369232034276266,66.55278119880812
357,2013-09-18 23:46:03+00:00,74.6374347796269,51.28499805906808,69.78606467858505,43.398333036826074,66.85097865736581
358,2013-09-26 23:39:28+00:00,72.22061104087385,56.48781607461173,64.29308235616102,51.902845489240825,74.76031316249399
359,2013-10-12 23:39:42+00:00,,57.37885456980834,69.13078421049988,55.004745251887314,
360,2013-10-20 23:45:55+00:00,75.04546825870626,50.96541338971104,62.61898072755339,46.44438791848894,66.766066122199
361,2013-10-28 23:39:47+00:00,71.99925513087797,60.089575170229224,67.85897929147553,,
362,2013-11-05 23:45:27+00:00,76.2272102573731,53.58067244010506,62.61152134529394,53.51762276027793,73.09489480681992
363,2013-11-05 23:45:51+00:00,75.55706668423547,53.486516256176536,62.85001515630541,53.75468542130172,73.42341319870062
364,2013-11-13 23:39:54+00:00,79.13403157286422,51.82640589266095,57.30035406546757,56.03054439509186,76.07265782199687
365,2013-12-15 23:40:02+00:00,,,61.081403886558896,47.21081073384599,
366,2014-01-16 23:40:19+00:00,76.69886343902061,57.71076213740885,75.32830915283125,55.747337253669635,71.78981934844992
367,2014-02-01 23:40:35+00:00,80.40962427355723,57.83874655009372,75.84253276581097,60.4176346836566,
368,2014-03-21 23:40:37+00:00,85.44017626968227,60.142772117474145,71.76115930452787,,78.37557573490287
369,2014-05-16 23:43:14+00:00,76.81530960700428,65.27191533724252,,,
370,2014-05-16 23:43:38+00:00,76.79010883607542,65.0545579594867,,,
371,2014-06-17 23:43:25+00:00,78.86917588726976,62.42074541382238,74.22268497853403,58.44999556288443,70.24813920431711
372,2014-06-17 23:43:49+00:00,78.88846307554985,62.278258562227926,73.81756644558669,55.83321654788479,69.87682625215218
373,2014-06-25 23:41:11+00:00,79.36321639399985,66.40281219230941,79.09912680654372,60.41327014489442,70.93314337029929
374,2014-07-03 23:43:31+00:00,97.23829189155035,70.47547843767211,92.70353332231201,59.90920356398568,81.36380579644147
375,2014-07-03 23:43:55+00:00,93.28756882365512,70.03659065260723,91.50932393289465,59.176025098454744,77.31746857501874
376,2014-07-11 23:41:14+00:00,85.6523107783909,74.01293475409452,90.46673549541345,60.09156774754336,71.4716013060847
377,2014-07-19 23:43:35+00:00,75.18543391150594,,,39.82432688972354,56.39526317006258
378,2014-07-19 23:43:59+00:00,75.15789129897443,54.67727360979427,,37.418117140254054,54.51957596242856
379,2014-08-04 23:43:43+00:00,92.72912753046778,69.07337142223973,83.7857901891931,58.408316540812365,74.77904292270841
380,2014-08-04 23:44:07+00:00,92.74691744966026,69.19814034373276,83.27393717832913,58.010606495463065,72.97510004199694
381,2014-08-12 23:41:22+00:00,66.91366882587685,47.538112192125965,,,
382,2014-09-13 23:41:21+00:00,84.0827233667206,62.28033074097922,69.92128363658323,35.17295272065092,
383,2014-09-21 23:43:49+00:00,77.92969210792742,60.20867984994028,70.83605241523229,28.785933805852228,57.15365220100985
384,2014-09-21 23:44:13+00:00,77.9814070775089,60.09802916973929,70.97420530196415,29.125219773583613,58.113876426043305
385,2014-10-15 23:41:42+00:00,73.82807026399118,54.012061206000524,55.90141539263686,28.022081816897984,55.916106911883375
386,2014-10-31 23:41:52+00:00,94.25597983330016,,,30.49347878677139,53.22890085950509
387,2014-11-08 23:43:57+00:00,94.31898621379608,72.50840815856688,,,
388,2014-11-08 23:44:21+00:00,93.37609316952255,72.55774030098418,78.47328463088189,35.74099258471829,69.22056211016546
389,2014-11-16 23:41:57+00:00,91.57559056021809,68.06838210289172,,,
390,2014-12-02 23:42:05+00:00,104.1463224426276,70.12265577461878,81.30431968178435,33.24882124799599,
391,2015-01-03 23:42:15+00:00,108.36853937992773,70.22025900796079,72.58680026950874,32.598065283540116,66.03659823887875
392,2015-02-28 23:43:29+00:00,101.17829186295081,77.63904373665964,77.47354388197807,40.37598902094323,72.94580276582963
393,2015-02-28 23:43:53+00:00,101.04832735398263,77.63301855987787,77.53202607953288,40.38131464144321,73.03140897654832
394,2015-03-08 23:42:36+00:00,91.37939533239421,70.10659675651333,,,62.31372045601549
395,2015-03-24 23:42:45+00:00,96.33941646207256,61.69718821871229,65.08072743521475,41.99204533950471,64.76271949588397
396,2015-05-11 23:43:07+00:00,88.36803019761051,49.73861397209573,51.4024946123495,23.25447337843955,54.45420079169314
397,2015-05-27 23:43:11+00:00,91.71327121537216,57.78429318673413,63.69067386890826,,56.037478510045055
398,2015-07-14 23:43:27+00:00,101.53766585890433,66.36789488352653,90.40203541002982,30.636261201764373,57.478552260629165
399,2015-07-30 23:43:29+00:00,,66.93034331432168,99.03906053904605,29.61155235248346,
400,2015-08-07 23:43:21+00:00,107.1336896463994,63.877622941050056,98.07684921436426,19.891368353153936,51.32872727669004
401,2015-08-07 23:43:45+00:00,107.09201211428372,63.339504650274485,97.91739257372517,19.319526050190728,48.71354686380682
402,2015-08-31 23:43:33+00:00,100.00402578236421,59.54660984488108,,,38.48324067307253
403,2015-09-08 23:43:35+00:00,108.59516679197733,74.25965590187337,100.1460681519626,10.473215830475812,52.45334892942795
404,2015-09-08 23:43:59+00:00,108.48411210244876,73.9230149797163,99.88294327982237,11.170131248849689,52.1239733959728
405,2015-09-16 23:43:39+00:00,,70.46250070301535,90.5312622076683,6.36615793620319,
406,2015-10-02 23:43:39+00:00,109.54180281830882,69.03662707555362,88.43466570732805,-0.4936310305117475,39.52524188189447
407,2015-10-18 23:43:59+00:00,134.48916868294634,,97.90376909250142,11.908444261570015,43.54743645436896
408,2015-11-19 23:44:30+00:00,129.51481904035344,96.27739947496667,,27.85516630885472,57.02795522672436
409,2015-12-05 23:44:43+00:00,126.760291511197,,93.62939464417128,27.03332403693473,47.69820859373214
410,2015-12-13 23:43:50+00:00,112.86683190130395,81.84586222411129,89.05868038367848,18.81498794322922,41.128506755924136
411,2015-12-13 23:44:14+00:00,113.12585606768845,82.58914382137439,89.72145462630284,19.6689217550622,42.49949874115827
412,2015-12-29 23:43:50+00:00,120.91661677790492,95.13898653772901,90.45745602879421,34.0757471034049,50.60792585426454
413,2015-12-29 23:44:14+00:00,121.25474655127249,95.67632626375993,91.14704608942787,34.89040453883882,51.7436487800933
414,2016-01-30 23:43:46+00:00,120.03296404952714,84.29680724350412,78.61856911431975,37.00212294640643,56.71212277378268
415,2016-01-30 23:44:10+00:00,119.3447111475053,84.03573950207692,79.34406418374498,39.3809858097438,59.626646249988895
416,2016-02-07 23:45:34+00:00,,73.44218298870081,74.89372575052437,24.434968704665867,
417,2016-02-23 23:45:35+00:00,117.15359101330718,77.69601952895759,76.38000829630873,28.788815652918288,41.11574842289318
418,2016-03-18 23:43:31+00:00,122.72272672079423,83.38026116884956,86.82170362964943,52.21360361027076,65.1651059098082
419,2016-03-18 23:43:54+00:00,123.13291565192904,83.80365646989151,86.90772564030152,52.38802340084155,63.42117813088741
420,2016-05-05 23:43:19+00:00,124.09889007161951,92.47885616050031,98.37003219625461,36.23324870433781,50.60912976653561
421,2016-05-05 23:43:43+00:00,124.6573994210646,94.36439768305408,99.0377640855746,36.120757243094005,49.279097739154295
422,2016-05-13 23:46:07+00:00,129.09540543074536,,108.54539090844338,53.782460244681374,61.76698082624978
423,2016-05-21 23:43:19+00:00,112.0885632063718,76.07533414968152,93.79774486309849,33.60060753759753,59.14176828420715
424,2016-05-21 23:43:43+00:00,113.19236438688934,76.49401581978519,93.78931115677848,33.23459965389534,56.70816746060031
425,2016-05-29 23:46:12+00:00,105.02752597720688,80.08165752085112,86.62066218634962,,63.41182210378699
426,2016-06-22 23:43:29+00:00,77.93948937976018,51.28439527904075,,,45.13643759684208
427,2016-06-22 23:43:53+00:00,77.84440024666803,50.51781184024739,,,
428,2016-06-30 23:46:17+00:00,89.50181198936572,60.23685224113216,64.72790144117472,17.300310275512263,61.11615162375936
429,2016-07-24 23:43:43+00:00,73.94609648286382,57.014328721737265,52.14175605713434,0.11752866089875258,44.48017226223585
430,2016-07-24 23:44:06+00:00,73.89383743527587,56.52062719728696,51.91894929601697,-0.6945451672549342,42.688317747497784
431,2016-08-09 23:43:44+00:00,105.4262625741566,65.50445443344003,69.3683254216652,10.939211125082476,46.77359425560051
432,2016-08-09 23:44:08+00:00,105.6587278727999,65.46894018488449,69.30444701655473,10.702103130737147,46.18682964882708
433,2016-08-17 23:46:20+00:00,,67.00521884614017,71.78441200949001,13.873861499694568,
434,2016-08-25 23:43:52+00:00,102.4884135544443,71.73920054222793,80.314846485392,8.759851428643405,43.80319409424721
435,2016-08-25 23:44:16+00:00,104.21703841549187,73.12581515492938,81.08030062671666,9.101085019643367,43.51680434444328
436,2016-09-02 23:46:24+00:00,90.61136671374281,72.31364329671293,74.70310508818339,-1.4134658919445036,20.429836487621028
437,2016-09-10 23:43:56+00:00,103.51742192423127,68.66500261124224,76.81851299063456,27.707006363900526,42.174236993844644
438,2016-09-10 23:44:20+00:00,103.45260924159845,68.5237122808718,76.75717513821392,27.696986262785202,42.272425474283736
439,2016-09-18 23:46:26+00:00,92.55221076739765,72.76254498421946,80.2316963052928,,39.135647359261306
440,2016-09-26 23:43:57+00:00,103.88344443260391,78.71395181903254,80.73690457920051,30.42199477243151,52.9353715161603
441,2016-09-26 23:44:21+00:00,104.1195378600497,79.8216982495113,81.63419493068656,30.500450174918868,54.20446042745156
442,2016-10-04 23:46:28+00:00,111.2225167419694,81.51466540414665,,34.98066795966717,49.239766521430965
443,2016-10-28 23:44:04+00:00,87.29040588690715,65.87439579180685,72.56533109993524,25.39761543900397,33.17969351338601
444,2016-10-28 23:44:28+00:00,87.65317585332151,66.28395615030266,73.03767585648026,26.22917320308381,33.72765436673078
445,2016-11-05 23:46:20+00:00,82.1376927189206,63.0696706192299,66.14809994177837,22.043081818616127,29.990167642817653
446,2016-11-21 23:46:14+00:00,103.10718867311455,,,29.60706059797234,37.46190116317911
447,2016-12-07 23:46:11+00:00,,84.19152336904277,76.0208526624174,27.959791381333655,
448,2017-01-16 23:43:52+00:00,110.2953066086827,79.77035378176758,75.78991958682107,39.304879764278404,41.37605401636948
449,2017-01-16 23:44:16+00:00,110.60736669546004,81.38830511008283,76.38545401170572,40.27418026389486,46.332026190790714
450,2017-02-09 23:45:37+00:00,103.55783907914214,,,29.146995528157984,39.05842698122526
451,2017-02-17 23:43:38+00:00,103.6562322071893,84.00052384496138,,33.44577753441666,46.36565748779764
452,2017-02-17 23:44:02+00:00,103.49465511876102,83.29726635586815,73.82623008686802,33.40571076171806,46.539478611846185
453,2017-04-06 23:43:15+00:00,111.45287530620382,67.24955884149236,76.02992060156517,34.397180872907754,52.773127854967186
454,2017-04-06 23:43:38+00:00,112.75247457439387,68.03301089429644,76.58557202346337,34.45716563782547,52.00090429935527
455,2017-04-14 23:46:03+00:00,90.18210419572155,66.71067788063583,71.84079499298156,28.629722279250466,46.50999795706114
456,2017-04-22 23:43:05+00:00,108.12666968854282,79.86806753303006,76.83835406080583,40.779237840736265,51.45083316630648
457,2017-04-22 23:43:29+00:00,108.21990739659446,79.55139701761478,76.57543669516578,40.31739431333561,50.56668723973888
458,2017-04-30 23:46:09+00:00,,,,28.991590096852608,51.59775040715412
459,2017-05-16 23:46:12+00:00,97.79728826709886,72.1123208510225,70.38622603159563,34.35690869147869,54.483236797664595
460,2017-05-24 23:43:15+00:00,110.77875697834247,68.93804951677346,86.38616362729528,45.35203759126223,58.48127785424249
461,2017-05-24 23:43:39+00:00,111.01057776159294,70.51354076561793,85.82552883758822,42.066887338226124,57.18930810590169
462,2017-06-01 23:46:16+00:00,101.91707336274503,66.9077258999215,78.80311860258794,41.0275782270005,49.049713596976304
463,2017-06-25 23:43:28+00:00,109.86883073273027,80.604467711145,82.43041240720872,41.10447842587971,60.45665922427877
464,2017-06-25 23:43:52+00:00,110.51861339444181,80.96731285966398,81.7358852418383,39.90548889508981,57.66472952880689
465,2017-07-03 23:46:22+00:00,105.12923062440416,,,53.82888934193812,55.02471931425078
466,2017-07-19 23:46:22+00:00,113.43610955766604,78.50520905780363,87.41838889984604,53.63662999395918,50.88544691272343
467,2017-07-27 23:43:39+00:00,107.6513890914383,72.68672374401851,85.86232115508808,36.19663299627911,41.92316922821873
468,2017-07-27 23:44:03+00:00,107.56054495260781,72.63706532815495,85.2419981149214,35.4380855428415,40.8033551031007
469,2017-08-04 23:46:20+00:00,111.30896886154497,74.95444179677192,84.12472154749666,37.40759583450964,44.408528097452006
470,2017-08-12 23:43:45+00:00,121.27512423921351,79.65134640933331,92.1100821749439,43.234676115056175,49.66218247935515
471,2017-08-12 23:44:09+00:00,120.70885243964572,78.79073869543203,90.82616878404644,42.67095658449668,48.87496649157358
472,2017-09-05 23:46:19+00:00,114.78897998410457,,81.68060290452338,43.79598006257221,33.26896911539318
473,2017-09-13 23:43:49+00:00,103.94905967992199,67.05406362558203,73.84742731379289,30.620787800212252,38.05664488272912
474,2017-09-13 23:44:13+00:00,103.83013814245767,66.99317709165081,73.8280659125233,30.649864920903564,38.09612172681253
475,2017-09-21 23:46:17+00:00,90.63109319853798,70.14588725775481,71.87721924966515,31.81682345831193,12.094949595056883
476,2017-10-15 23:44:00+00:00,116.73295755788872,89.46358356304015,91.31332967402851,30.847424888064385,32.289746252550096
477,2017-10-15 23:44:24+00:00,116.85278119980464,89.73448228730764,92.12549144017197,30.884376565053525,32.01804226469377
478,2017-10-23 23:46:21+00:00,110.38620485635366,,,35.2813085632315,34.30766924952739
479,2017-11-08 23:46:20+00:00,106.5304350850846,,,18.981046269734374,20.504905412519044
480,2017-11-24 23:46:15+00:00,125.28785007996538,,,35.918363120046095,37.299006411691856
481,2017-12-10 23:46:07+00:00,128.2814635765799,90.42474805005317,72.80629897544243,35.48935182232945,
482,2017-12-18 23:43:54+00:00,115.65999486999249,77.21832349272626,77.76861977346563,31.76051042525535,
483,2017-12-18 23:44:18+00:00,116.46787916996689,78.07124294172122,77.56830305289958,31.328788586544245,
484,2017-12-26 23:45:57+00:00,124.42856714199007,86.69548161906798,74.14955785559144,,38.351129268095875
485,2018-01-19 23:43:43+00:00,112.58081237388517,77.57760130891921,78.42938879783286,38.05701346330926,52.618587308351366
486,2018-01-19 23:44:07+00:00,112.51837002804311,77.35401025677322,78.36698103042504,38.07880420764861,52.85560598362062
487,2018-02-04 23:43:34+00:00,116.36435003615706,89.44315517145046,68.79253065178345,34.62191143306421,52.090808721348566
488,2018-02-04 23:43:58+00:00,116.41337613748841,89.4458439204315,68.8132544465824,34.60700347200057,52.30726192330652
489,2018-03-24 23:43:13+00:00,111.59493094629971,87.40623760073413,76.54225063534426,32.83878447193736,48.48795357484495
490,2018-03-24 23:43:37+00:00,111.72500259750278,87.42277024624276,76.58961074368048,32.74038441081325,48.213562269996046
491,2018-04-01 23:44:40+00:00,,79.39069285533341,79.14942870230703,19.755181964378387,
492,2018-04-25 23:42:55+00:00,,,,28.997900259773253,51.89146503165232
493,2018-04-25 23:43:19+00:00,,78.1830248827773,,,51.010253381621865
494,2018-05-19 23:43:52+00:00,126.84055372906374,81.223427652842,,,62.74874656625305
495,2018-06-28 23:42:45+00:00,129.69304029559618,73.2326943370001,101.27447295705507,28.985208564309957,46.92761238567904
496,2018-06-28 23:43:09+00:00,130.22211383356623,74.46549977812337,101.38974603988969,30.482509240880564,45.856171992421444
497,2018-07-06 23:42:59+00:00,,86.11989823836574,97.37385901178284,22.60643457725679,
498,2018-07-14 23:42:53+00:00,109.54572526445847,67.55876785210168,73.97916079014408,9.339838046703738,33.91244345011695
499,2018-07-14 23:43:17+00:00,109.58291564790528,67.26670876482768,73.64427909545216,8.10127328868279,31.481761936627898
500,2018-07-22 23:42:42+00:00,119.49973227046581,82.07089263022736,93.07776175978938,26.341653133122954,37.441267508372206
501,2018-08-15 23:43:09+00:00,134.2790464272786,95.25535632004294,98.78277172864011,33.47198083189223,47.68300904220197
502,2018-08-15 23:43:33+00:00,134.8056044049393,95.87720072830977,98.9308333220315,33.34526908142674,47.089053313009344
503,2018-08-31 23:43:16+00:00,116.91732953068431,76.9712571175154,82.66519796226508,15.082870204997889,34.244795300612864
504,2018-08-31 23:43:40+00:00,117.16948339875707,77.3547767674796,83.24562301754926,15.295840835996106,33.97621889623204
505,2018-09-08 23:41:46+00:00,130.16353922009273,,86.90751217460178,5.317878827432039,29.653967142850497
506,2018-09-16 23:43:20+00:00,136.21503166958786,88.76630852562008,,19.23937183629618,38.64247393228519
507,2018-09-16 23:43:44+00:00,136.7706686122345,89.05786688236509,,19.279313600440762,37.521245035680366
508,2018-10-18 23:43:34+00:00,131.66990407439752,81.46210913613241,85.56085551248262,6.062632638974265,33.15240762313793
509,2018-10-18 23:43:58+00:00,131.61552080123587,81.72550177366942,86.2285301283212,7.404947148531931,34.378860495289565
510,2018-11-11 23:40:18+00:00,126.0164488859261,93.96746102435719,86.01049089391384,,46.11222278025076
511,2018-12-05 23:43:37+00:00,124.4602891979139,,83.53256780854225,13.581268465957299,
512,2018-12-05 23:44:01+00:00,127.94817447324395,,85.59563462386697,14.861634152993402,
513,2018-12-29 23:39:00+00:00,,92.39035701152179,79.90582168551035,18.124185504745903,
514,2019-01-14 23:38:30+00:00,,91.81018594139452,84.54219275025497,23.74927078454329,
515,2019-01-22 23:43:31+00:00,130.8913939220856,94.29018750673566,84.91151293221967,21.62849432547027,
516,2019-02-15 23:37:31+00:00,124.42670434103209,95.32479281240924,88.79331424442984,46.65736968565133,50.54101459132416
517,2019-03-03 23:37:01+00:00,125.00633025679039,,,27.655280577116887,47.166081916825505
518,2019-03-11 23:43:20+00:00,131.26189315421664,97.31493375851294,86.14031724686525,37.87697093338999,59.72692890876746
519,2019-03-11 23:43:43+00:00,132.4654748972792,97.68582469615488,86.98006107026397,37.9724543126427,60.11022886372149
520,2019-03-27 23:43:16+00:00,128.27167578384083,92.68328329128154,93.15816037233229,42.15185618437715,57.653261118094896
521,2019-03-27 23:43:40+00:00,128.14225554881054,92.78206736060035,92.97811746554214,42.28971316321302,57.69301270065036
522,2019-04-12 23:43:11+00:00,127.16991099457658,96.29136412793369,94.80741010250449,56.960977565330815,66.77480475706761
523,2019-04-12 23:43:35+00:00,127.75153889125943,96.24495096901288,94.60964233581183,56.529535298409506,65.975117635562
524,2019-04-20 23:35:23+00:00,126.6012462144821,95.21332868191078,87.94724624079691,42.632040670966234,55.49564551961283
525,2019-05-06 23:34:46+00:00,105.27309449194279,,73.20496027443647,35.7569785019975,49.988230507528776
526,2019-05-14 23:43:17+00:00,116.36910707878486,94.28537710367283,91.28232701650697,45.8133614696588,66.7966779198341
527,2019-05-14 23:43:41+00:00,116.56622764258921,94.29916505526532,90.92924655437372,43.95077100119017,65.18373156729375
528,2019-05-22 23:34:09+00:00,124.29152493913622,,100.79099705197412,42.837302495381664,69.94808188915545
529,2019-05-30 23:43:26+00:00,110.4573682300953,86.53979843389222,86.84195430781288,36.406015652831684,63.0673149201191
530,2019-05-30 23:43:50+00:00,109.3496673189732,86.96507646389516,86.77482493766361,35.38947325861652,61.459239923392005
531,2019-07-09 23:32:23+00:00,124.38545740134649,93.70352591162269,83.99313842490184,40.294967979009144,59.26465592333213
532,2019-07-17 23:43:40+00:00,116.84355562802529,95.94317512250424,83.67891947067628,42.59258046333562,69.79622264197458
533,2019-07-17 23:44:04+00:00,116.7510446375675,95.91874148751293,83.52566594589231,42.20073991306465,66.69728551542941
534,2019-08-02 23:43:47+00:00,122.0719307583298,96.51882596062772,83.8184335711211,34.01492271235718,71.31593502129887
535,2019-08-02 23:44:11+00:00,121.77053845580294,95.62630198809983,83.0812083549256,32.97211177098806,66.99646774680056
536,2019-08-10 23:31:06+00:00,129.1020764653465,,87.05405064884334,40.70336281178375,55.770497803592335
537,2019-08-18 23:43:52+00:00,138.5843791570409,100.17908964303881,104.46518146858925,32.573800157882566,63.95383069688572
538,2019-08-18 23:44:16+00:00,139.32020050188575,100.63910903883924,104.5264395366218,31.928185405699328,61.129362441697154
539,2019-09-03 23:43:55+00:00,123.61405627986453,90.34657667492753,89.75025426503309,31.888858203713045,62.778084529128854
540,2019-09-03 23:44:19+00:00,123.36247984640416,90.13362638705154,89.4581834603345,31.569285575709152,61.23757070179471
541,2019-10-21 23:44:06+00:00,124.4352989618672,91.83420723286928,93.1192132225287,13.935514233426826,50.74880049119688
542,2019-10-21 23:44:30+00:00,124.50595693139562,91.76671903034816,92.55384981326786,14.456125445633123,52.480843108735854
543,2019-11-06 23:44:05+00:00,136.6756375704659,96.65354864858192,94.93440575027245,5.710432229193852,43.576427610616804
544,2019-11-06 23:44:29+00:00,136.6390387581573,96.7156268082475,95.121797552121,6.633416861778986,44.70931870944682
545,2019-11-14 23:26:57+00:00,119.10105166162381,91.52716769053463,,,50.992881076011294
546,2019-12-16 23:25:23+00:00,128.08876794524735,96.80809427781867,,,53.31353661298988
547,2019-12-24 23:43:58+00:00,123.80444595533702,93.203813833202,83.55280354945974,7.814872280148931,47.55195977228392
548,2019-12-24 23:44:22+00:00,124.06233613241085,95.41911394385203,84.09068546867373,9.55386143825867,49.06637724827727
549,2020-01-09 23:43:54+00:00,125.57570855342595,93.50150652864976,82.70288817249765,19.337705259964803,49.94876508444374
550,2020-01-09 23:44:18+00:00,125.28194381486688,93.63182474289664,83.00928303859159,22.42079595904703,51.277571813968166
551,2020-01-25 23:43:50+00:00,120.2816481352102,89.18182931566251,77.39351474201602,9.769866302563331,43.95178437727915
552,2020-01-25 23:44:14+00:00,120.37386339446218,89.21137869837939,77.46644330335165,9.9411332584168,44.5127083807766
553,2020-02-10 23:43:45+00:00,92.03721016575933,64.71431665678234,43.31954336840005,7.195628138334994,38.637337853420775
554,2020-02-10 23:44:09+00:00,91.9739142549953,64.41799588212902,43.298541172646665,6.293959722823293,39.254429586841475
555,2020-02-18 23:22:08+00:00,98.8596718357058,,,24.378170848137888,52.39006185148042
556,2020-03-05 23:21:17+00:00,107.40641754261671,79.37874511807371,60.66833092400882,17.490989623032814,52.91903418804377
557,2020-03-21 23:20:24+00:00,,74.5719602602106,57.4145402647242,30.082625771820915,53.29160178673134
558,2020-04-22 23:18:34+00:00,113.29720720390736,81.93238134880977,85.01099985072378,,63.02792849928618
559,2020-04-30 23:43:11+00:00,122.72369606205729,86.06656239404187,76.31018000408238,34.03320762941937,54.217816174239225
560,2020-04-30 23:43:35+00:00,123.31746956232108,86.34602759402232,76.27661035579366,33.62639204053252,53.403881740251656
561,2020-05-08 23:17:36+00:00,113.4392472296706,,,33.58442741751332,60.01187260204481
562,2020-05-16 23:43:08+00:00,119.16572635035676,80.56652930648956,71.12420621918993,35.46261769697548,60.2920952341734
563,2020-05-16 23:43:32+00:00,119.75035060360922,80.20625924234005,70.67243264468901,33.92839748053471,57.43942243116922
564,2020-06-25 23:14:45+00:00,100.3501134276205,64.51631976506104,,34.88960608729715,55.455646589748696
565,2020-07-03 23:43:31+00:00,114.85323058343458,72.97733766811986,69.32095704504194,35.971031701053036,60.15314512553776
566,2020-07-03 23:43:55+00:00,115.13766276569315,73.21779163763203,69.39779732367927,35.53467710651823,59.254816860793355
567,2020-07-11 23:13:47+00:00,107.49666448485527,,,34.1314578438388,53.310098557117605
568,2020-07-19 23:43:36+00:00,103.13077020702329,67.08800619590801,57.97580335222532,13.191294580736958,43.91504104270242
569,2020-07-19 23:44:00+00:00,102.83035556504841,66.59241297564004,56.3636967339843,11.324771007675453,41.83902255954521
570,2020-08-04 23:43:40+00:00,108.68726818864111,69.06988870722965,46.05461374775594,13.792566487475309,42.0064697351594
571,2020-08-04 23:44:04+00:00,108.79126640810529,69.29535077246528,45.778335722438165,13.11740526637516,40.20822255622351
572,2020-08-12 23:11:47+00:00,101.35797605116879,63.64847568140408,54.878458419408474,22.783530089490476,40.36662422080503
573,2020-08-20 23:43:47+00:00,106.47656883295798,71.72878951409518,70.74395507189115,17.617747337828394,45.776856483968785
574,2020-08-20 23:44:11+00:00,106.2285585846779,71.62993113623685,69.75001947416098,17.54501995834656,44.988185683459264
575,2020-08-28 23:10:45+00:00,100.77965427131372,67.04884248433217,,,43.93931324931651
576,2020-09-05 23:43:54+00:00,107.60084435581446,67.71114049585287,51.78752438777756,16.863017775142236,48.15910661170654
577,2020-09-05 23:44:18+00:00,108.48117453745873,68.16094925120561,52.699919299110405,16.934868573857976,46.067191137975584
578,2020-09-13 23:09:42+00:00,,70.0487605890613,69.51892606933355,26.31112355936233,
579,2020-09-21 23:43:59+00:00,111.33055268527903,71.19953074363846,70.83222460106234,11.423394913588272,26.751857023433008
580,2020-09-21 23:44:23+00:00,111.33864511738032,71.2064273535353,70.6828103048943,11.446570845941125,26.660268608888895
581,2020-11-24 23:44:03+00:00,109.06170738207615,64.60128581918626,68.47478571013724,28.18134089010936,43.494647768041794
582,2020-11-24 23:44:27+00:00,110.53328515942731,67.23056261707197,69.57164438668855,29.134926728312603,46.731744416391564
583,2020-12-26 23:44:01+00:00,115.09622919095527,69.19730344439326,75.4070729551917,28.95439671512695,51.33056877881498
584,2020-12-26 23:44:25+00:00,115.12673685773203,69.41513909458229,76.0655096356573,30.17850988008409,53.42989405560291
585,2021-02-04 22:59:42+00:00,,67.70211788055651,70.0166023329098,22.662755475810116,
586,2021-02-20 22:58:30+00:00,102.77738924137645,74.17259042296158,,26.62634864017622,53.842583814177246
587,2021-02-28 23:43:42+00:00,106.81513902279434,78.57073066492147,72.46467538888805,38.53597791950142,63.04513356641287
588,2021-02-28 23:44:06+00:00,107.50669453638393,78.65798313219058,74.4992412406144,38.974259199960656,64.73312099864431
589,2021-04-01 23:43:29+00:00,104.1814217659239,67.7734926504304,66.77923028794119,32.67215575353715,
590,2021-04-01 23:43:53+00:00,104.34283988704921,67.64760716558312,67.36016378449189,32.77420822620505,
591,2021-04-25 22:53:19+00:00,97.79745775203305,,,34.865399610712494,50.26747359766328
592,2021-05-02 22:58:54+00:00,,,,,
593,2021-05-11 22:51:59+00:00,68.58953523664175,,,16.29019231578618,46.39358812158949
594,2021-05-18 22:57:34+00:00,,57.93405026289401,43.03123087396254,,
595,2021-05-19 23:43:21+00:00,101.63396572016411,62.23599474558115,65.75877749791573,20.680238093767052,55.932786804843765
596,2021-05-19 23:43:45+00:00,102.3288701190704,62.6703756414106,66.02596708202864,20.65626031997685,55.55818651976145
597,2021-05-27 22:50:37+00:00,94.2878844345577,,,22.50391712491468,47.206605544416554
598,2021-06-03 22:56:12+00:00,106.08358231158923,,67.70452744630187,33.57873772908725,69.70868688152524
599,2021-06-04 23:43:29+00:00,102.47735585599398,77.71420797863203,66.95704664640783,25.55445759585634,54.75711102422797
600,2021-06-04 23:43:53+00:00,103.28356999457667,77.87457875669324,67.79305900661087,25.072164180019534,54.4745696221488
601,2021-06-12 22:49:17+00:00,101.91650495838066,81.31367809960338,68.84133197900277,46.66329024484321,53.152889412891064
602,2021-07-06 23:43:37+00:00,99.9955805934969,76.88624113651187,70.01005214301512,35.24562953079516,47.23341252350236
603,2021-07-06 23:44:01+00:00,100.45075409451081,76.65691443175554,69.93886273041255,34.49716729720699,46.21216556613664
604,2021-07-21 22:52:11+00:00,,,,,
605,2021-07-22 23:43:42+00:00,87.292809068279,65.51980735624001,54.106281378512406,13.565638348801736,44.851455071834266
606,2021-07-22 23:44:05+00:00,86.95774300834319,64.7813820709907,52.35990350372727,12.226409439292693,43.706367378283375
607,2021-08-06 22:50:47+00:00,,58.25709515999368,57.41769788774137,,
608,2021-08-15 22:43:48+00:00,,82.61245967358208,67.32305557685484,38.031501081838535,
609,2021-08-31 22:42:25+00:00,102.52485191161432,69.70759741760511,67.14380173524222,33.622917327133585,62.12130565531705
610,2021-09-07 22:47:59+00:00,101.26208729200299,,,,70.86033798059421
611,2021-09-16 22:41:01+00:00,102.55913400261447,74.3954741398796,,,49.356385996127415
612,2021-09-23 22:46:34+00:00,90.94285914337691,,,,49.36353006220934
613,2021-09-24 23:44:01+00:00,96.84639575322754,77.5166606900415,74.92045819252056,34.92557882551219,51.92548024008026
614,2021-09-24 23:44:25+00:00,96.48775806375546,77.34225119205193,74.8863860636298,35.03939338325112,53.0910840107604
615,2021-10-02 22:39:35+00:00,105.47884741625137,77.8471923150701,69.82767644532292,29.624208103693352,50.78135714870743
616,2021-10-18 22:38:10+00:00,92.9718273660775,76.3548995895061,72.64872857002422,24.28468857779877,44.03429890176845
617,2021-10-25 22:43:43+00:00,,,,,
618,2021-10-26 23:44:09+00:00,90.81263678975066,81.50013047534925,70.36725961288072,35.18104916591802,59.818204650598084
619,2021-10-26 23:44:33+00:00,89.85032326116695,80.56018725685355,70.32784000429801,35.170635779641735,60.28783329604341
620,2021-12-29 23:43:58+00:00,101.67639179457139,78.85247262471465,80.38748725134577,29.989988904412026,59.99959317424607
621,2021-12-29 23:44:22+00:00,101.42591076582735,78.75160566809404,80.71121066154215,30.389765727305797,61.248920912908474
